id,display_name,category,source,pack,product,entitlements,can_be_earned,body_fits,icon_atlas,icon_cell,presentation_sprite,attachment_asset,palette_mask,layer,effect
cosmetic.captain.clubhouse-canvas,Clubhouse Canvas,Captain,Free,launch.earned,,,true,Compact|Average|TallBroad,Assets/_JustSomeStars/Art/2D/Cosmetics/IconAtlases/CaptainSuits.png,0,Assets/_JustSomeStars/Art/2D/Cosmetics/PresentationAtlases/CaptainSuitsPresentation.png#cosmetic.captain.clubhouse-canvas,Assets/_JustSomeStars/Art/2D/Characters/Captain/Customization/Modules/{body-family-title}/{facing}/captain-{body-family-slug}-{facing}-suitComponents.png,Assets/_JustSomeStars/Art/2D/Characters/Captain/Customization/PaletteMasks/{body-family-title}/{facing}/captain-{body-family-slug}-{facing}-silhouette-costume-palette-mask.png,silhouette-costume,cosmetic.effect.captain.clubhouse-canvas
cosmetic.captain.surveyor-blue,Surveyor Blue,Captain,Earned,launch.earned,,,true,Compact|Average|TallBroad,Assets/_JustSomeStars/Art/2D/Cosmetics/IconAtlases/CaptainSuits.png,1,Assets/_JustSomeStars/Art/2D/Cosmetics/PresentationAtlases/CaptainSuitsPresentation.png#cosmetic.captain.surveyor-blue,Assets/_JustSomeStars/Art/2D/Characters/Captain/Customization/Modules/{body-family-title}/{facing}/captain-{body-family-slug}-{facing}-suitComponents.png,Assets/_JustSomeStars/Art/2D/Characters/Captain/Customization/PaletteMasks/{body-family-title}/{facing}/captain-{body-family-slug}-{facing}-silhouette-costume-palette-mask.png,silhouette-costume,cosmetic.effect.captain.surveyor-blue
cosmetic.captain.mirra-sunrise,Mirra Sunrise,Captain,Earned,launch.earned,,,true,Compact|Average|TallBroad,Assets/_JustSomeStars/Art/2D/Cosmetics/IconAtlases/CaptainSuits.png,2,Assets/_JustSomeStars/Art/2D/Cosmetics/PresentationAtlases/CaptainSuitsPresentation.png#cosmetic.captain.mirra-sunrise,Assets/_JustSomeStars/Art/2D/Characters/Captain/Customization/Modules/{body-family-title}/{facing}/captain-{body-family-slug}-{facing}-suitComponents.png,Assets/_JustSomeStars/Art/2D/Characters/Captain/Customization/PaletteMasks/{body-family-title}/{facing}/captain-{body-family-slug}-{facing}-silhouette-costume-palette-mask.png,silhouette-costume,cosmetic.effect.captain.mirra-sunrise
cosmetic.captain.mirra-frostline,Mirra Frostline,Captain,Earned,launch.earned,,,true,Compact|Average|TallBroad,Assets/_JustSomeStars/Art/2D/Cosmetics/IconAtlases/CaptainSuits.png,3,Assets/_JustSomeStars/Art/2D/Cosmetics/PresentationAtlases/CaptainSuitsPresentation.png#cosmetic.captain.mirra-frostline,Assets/_JustSomeStars/Art/2D/Characters/Captain/Customization/Modules/{body-family-title}/{facing}/captain-{body-family-slug}-{facing}-suitComponents.png,Assets/_JustSomeStars/Art/2D/Characters/Captain/Customization/PaletteMasks/{body-family-title}/{facing}/captain-{body-family-slug}-{facing}-silhouette-costume-palette-mask.png,silhouette-costume,cosmetic.effect.captain.mirra-frostline
cosmetic.captain.koro-glacier,Koro Glacier,Captain,Earned,launch.earned,,,true,Compact|Average|TallBroad,Assets/_JustSomeStars/Art/2D/Cosmetics/IconAtlases/CaptainSuits.png,4,Assets/_JustSomeStars/Art/2D/Cosmetics/PresentationAtlases/CaptainSuitsPresentation.png#cosmetic.captain.koro-glacier,Assets/_JustSomeStars/Art/2D/Characters/Captain/Customization/Modules/{body-family-title}/{facing}/captain-{body-family-slug}-{facing}-suitComponents.png,Assets/_JustSomeStars/Art/2D/Characters/Captain/Customization/PaletteMasks/{body-family-title}/{facing}/captain-{body-family-slug}-{facing}-silhouette-costume-palette-mask.png,silhouette-costume,cosmetic.effect.captain.koro-glacier
cosmetic.captain.vesper-violet,Vesper Violet,Captain,Edition,explorer_edition,,explorer_edition|complete_launch_collection,true,Compact|Average|TallBroad,Assets/_JustSomeStars/Art/2D/Cosmetics/IconAtlases/CaptainSuits.png,5,Assets/_JustSomeStars/Art/2D/Cosmetics/PresentationAtlases/CaptainSuitsPresentation.png#cosmetic.captain.vesper-violet,Assets/_JustSomeStars/Art/2D/Characters/Captain/Customization/Modules/{body-family-title}/{facing}/captain-{body-family-slug}-{facing}-suitComponents.png,Assets/_JustSomeStars/Art/2D/Characters/Captain/Customization/PaletteMasks/{body-family-title}/{facing}/captain-{body-family-slug}-{facing}-silhouette-costume-palette-mask.png,silhouette-costume,cosmetic.effect.captain.vesper-violet
cosmetic.captain.aster-drift,Aster Drift,Captain,Edition,explorer_edition,,explorer_edition|complete_launch_collection,true,Compact|Average|TallBroad,Assets/_JustSomeStars/Art/2D/Cosmetics/IconAtlases/CaptainSuits.png,6,Assets/_JustSomeStars/Art/2D/Cosmetics/PresentationAtlases/CaptainSuitsPresentation.png#cosmetic.captain.aster-drift,Assets/_JustSomeStars/Art/2D/Characters/Captain/Customization/Modules/{body-family-title}/{facing}/captain-{body-family-slug}-{facing}-suitComponents.png,Assets/_JustSomeStars/Art/2D/Characters/Captain/Customization/PaletteMasks/{body-family-title}/{facing}/captain-{body-family-slug}-{facing}-silhouette-costume-palette-mask.png,silhouette-costume,cosmetic.effect.captain.aster-drift
cosmetic.captain.signal-resonance,Signal Resonance,Captain,Edition,explorer_edition,,explorer_edition|complete_launch_collection,true,Compact|Average|TallBroad,Assets/_JustSomeStars/Art/2D/Cosmetics/IconAtlases/CaptainSuits.png,7,Assets/_JustSomeStars/Art/2D/Cosmetics/PresentationAtlases/CaptainSuitsPresentation.png#cosmetic.captain.signal-resonance,Assets/_JustSomeStars/Art/2D/Characters/Captain/Customization/Modules/{body-family-title}/{facing}/captain-{body-family-slug}-{facing}-suitComponents.png,Assets/_JustSomeStars/Art/2D/Characters/Captain/Customization/PaletteMasks/{body-family-title}/{facing}/captain-{body-family-slug}-{facing}-silhouette-costume-palette-mask.png,silhouette-costume,cosmetic.effect.captain.signal-resonance
cosmetic.captain.founder-starcape,Founder Starcape,Captain,Edition,explorer_edition,,explorer_edition|complete_launch_collection,true,Compact|Average|TallBroad,Assets/_JustSomeStars/Art/2D/Cosmetics/IconAtlases/CaptainSuits.png,8,Assets/_JustSomeStars/Art/2D/Cosmetics/PresentationAtlases/CaptainSuitsPresentation.png#cosmetic.captain.founder-starcape,Assets/_JustSomeStars/Art/2D/Characters/Captain/Customization/Modules/{body-family-title}/{facing}/captain-{body-family-slug}-{facing}-suitComponents.png,Assets/_JustSomeStars/Art/2D/Characters/Captain/Customization/PaletteMasks/{body-family-title}/{facing}/captain-{body-family-slug}-{facing}-silhouette-costume-palette-mask.png,silhouette-costume,cosmetic.effect.captain.founder-starcape
cosmetic.captain.founder-nightwatch,Founder Nightwatch,Captain,Edition,founders_constellation,,founders_constellation|complete_launch_collection,true,Compact|Average|TallBroad,Assets/_JustSomeStars/Art/2D/Cosmetics/IconAtlases/CaptainSuits.png,9,Assets/_JustSomeStars/Art/2D/Cosmetics/PresentationAtlases/CaptainSuitsPresentation.png#cosmetic.captain.founder-nightwatch,Assets/_JustSomeStars/Art/2D/Characters/Captain/Customization/Modules/{body-family-title}/{facing}/captain-{body-family-slug}-{facing}-suitComponents.png,Assets/_JustSomeStars/Art/2D/Characters/Captain/Customization/PaletteMasks/{body-family-title}/{facing}/captain-{body-family-slug}-{facing}-silhouette-costume-palette-mask.png,silhouette-costume,cosmetic.effect.captain.founder-nightwatch
cosmetic.captain.explorer-fieldnotes,Explorer Fieldnotes,Captain,Edition,founders_constellation,,founders_constellation|complete_launch_collection,false,Compact|Average|TallBroad,Assets/_JustSomeStars/Art/2D/Cosmetics/IconAtlases/CaptainSuits.png,10,Assets/_JustSomeStars/Art/2D/Cosmetics/PresentationAtlases/CaptainSuitsPresentation.png#cosmetic.captain.explorer-fieldnotes,Assets/_JustSomeStars/Art/2D/Characters/Captain/Customization/Modules/{body-family-title}/{facing}/captain-{body-family-slug}-{facing}-suitComponents.png,Assets/_JustSomeStars/Art/2D/Characters/Captain/Customization/PaletteMasks/{body-family-title}/{facing}/captain-{body-family-slug}-{facing}-silhouette-costume-palette-mask.png,silhouette-costume,cosmetic.effect.captain.explorer-fieldnotes
cosmetic.captain.explorer-celestial,Explorer Celestial,Captain,Edition,founders_constellation,,founders_constellation|complete_launch_collection,false,Compact|Average|TallBroad,Assets/_JustSomeStars/Art/2D/Cosmetics/IconAtlases/CaptainSuits.png,11,Assets/_JustSomeStars/Art/2D/Cosmetics/PresentationAtlases/CaptainSuitsPresentation.png#cosmetic.captain.explorer-celestial,Assets/_JustSomeStars/Art/2D/Characters/Captain/Customization/Modules/{body-family-title}/{facing}/captain-{body-family-slug}-{facing}-suitComponents.png,Assets/_JustSomeStars/Art/2D/Characters/Captain/Customization/PaletteMasks/{body-family-title}/{facing}/captain-{body-family-slug}-{facing}-silhouette-costume-palette-mask.png,silhouette-costume,cosmetic.effect.captain.explorer-celestial
cosmetic.captain.birthday-banner,Birthday Banner,Captain,Edition,founders_constellation,,founders_constellation|complete_launch_collection,false,Compact|Average|TallBroad,Assets/_JustSomeStars/Art/2D/Cosmetics/IconAtlases/CaptainSuits.png,12,Assets/_JustSomeStars/Art/2D/Cosmetics/PresentationAtlases/CaptainSuitsPresentation.png#cosmetic.captain.birthday-banner,Assets/_JustSomeStars/Art/2D/Characters/Captain/Customization/Modules/{body-family-title}/{facing}/captain-{body-family-slug}-{facing}-suitComponents.png,Assets/_JustSomeStars/Art/2D/Characters/Captain/Customization/PaletteMasks/{body-family-title}/{facing}/captain-{body-family-slug}-{facing}-silhouette-costume-palette-mask.png,silhouette-costume,cosmetic.effect.captain.birthday-banner
cosmetic.captain.launch-navigator,Launch Navigator,Captain,IndividualPurchase,mirra_collection,jss.cosmetic.captain.launch-navigator,mirra_collection|jss.cosmetic.captain.launch-navigator|complete_launch_collection,false,Compact|Average|TallBroad,Assets/_JustSomeStars/Art/2D/Cosmetics/IconAtlases/CaptainSuits.png,13,Assets/_JustSomeStars/Art/2D/Cosmetics/PresentationAtlases/CaptainSuitsPresentation.png#cosmetic.captain.launch-navigator,Assets/_JustSomeStars/Art/2D/Characters/Captain/Customization/Modules/{body-family-title}/{facing}/captain-{body-family-slug}-{facing}-suitComponents.png,Assets/_JustSomeStars/Art/2D/Characters/Captain/Customization/PaletteMasks/{body-family-title}/{facing}/captain-{body-family-slug}-{facing}-silhouette-costume-palette-mask.png,silhouette-costume,cosmetic.effect.captain.launch-navigator
cosmetic.captain.launch-planetary,Launch Planetary,Captain,IndividualPurchase,mirra_collection,jss.cosmetic.captain.launch-planetary,mirra_collection|jss.cosmetic.captain.launch-planetary|complete_launch_collection,false,Compact|Average|TallBroad,Assets/_JustSomeStars/Art/2D/Cosmetics/IconAtlases/CaptainSuits.png,14,Assets/_JustSomeStars/Art/2D/Cosmetics/PresentationAtlases/CaptainSuitsPresentation.png#cosmetic.captain.launch-planetary,Assets/_JustSomeStars/Art/2D/Characters/Captain/Customization/Modules/{body-family-title}/{facing}/captain-{body-family-slug}-{facing}-suitComponents.png,Assets/_JustSomeStars/Art/2D/Characters/Captain/Customization/PaletteMasks/{body-family-title}/{facing}/captain-{body-family-slug}-{facing}-silhouette-costume-palette-mask.png,silhouette-costume,cosmetic.effect.captain.launch-planetary
cosmetic.captain.launch-starlight,Launch Starlight,Captain,IndividualPurchase,mirra_collection,jss.cosmetic.captain.launch-starlight,mirra_collection|jss.cosmetic.captain.launch-starlight|complete_launch_collection,false,Compact|Average|TallBroad,Assets/_JustSomeStars/Art/2D/Cosmetics/IconAtlases/CaptainSuits.png,15,Assets/_JustSomeStars/Art/2D/Cosmetics/PresentationAtlases/CaptainSuitsPresentation.png#cosmetic.captain.launch-starlight,Assets/_JustSomeStars/Art/2D/Characters/Captain/Customization/Modules/{body-family-title}/{facing}/captain-{body-family-slug}-{facing}-suitComponents.png,Assets/_JustSomeStars/Art/2D/Characters/Captain/Customization/PaletteMasks/{body-family-title}/{facing}/captain-{body-family-slug}-{facing}-silhouette-costume-palette-mask.png,silhouette-costume,cosmetic.effect.captain.launch-starlight
cosmetic.captain.explorer-bubble-helmet,Explorer Bubble Helmet,Captain,Free,launch.earned,,,true,Compact|Average|TallBroad,Assets/_JustSomeStars/Art/2D/Cosmetics/IconAtlases/CaptainGear.png,0,Assets/_JustSomeStars/Art/2D/Cosmetics/PresentationAtlases/CaptainGearPresentation.png#cosmetic.captain.explorer-bubble-helmet,Assets/_JustSomeStars/Art/2D/Characters/Captain/Customization/Modules/{body-family-title}/{facing}/captain-{body-family-slug}-{facing}-helmets.png,Assets/_JustSomeStars/Art/2D/Characters/Captain/Customization/PaletteMasks/{body-family-title}/{facing}/captain-{body-family-slug}-{facing}-head-hair-palette-mask.png,head-hair,cosmetic.effect.captain.explorer-bubble-helmet
cosmetic.captain.workshop-goggles,Workshop Goggles,Captain,Earned,launch.earned,,,true,Compact|Average|TallBroad,Assets/_JustSomeStars/Art/2D/Cosmetics/IconAtlases/CaptainGear.png,1,Assets/_JustSomeStars/Art/2D/Cosmetics/PresentationAtlases/CaptainGearPresentation.png#cosmetic.captain.workshop-goggles,Assets/_JustSomeStars/Art/2D/Characters/Captain/Customization/Modules/{body-family-title}/{facing}/captain-{body-family-slug}-{facing}-helmets.png,Assets/_JustSomeStars/Art/2D/Characters/Captain/Customization/PaletteMasks/{body-family-title}/{facing}/captain-{body-family-slug}-{facing}-head-hair-palette-mask.png,head-hair,cosmetic.effect.captain.workshop-goggles
cosmetic.captain.signal-visor,Signal Visor,Captain,Earned,launch.earned,,,true,Compact|Average|TallBroad,Assets/_JustSomeStars/Art/2D/Cosmetics/IconAtlases/CaptainGear.png,2,Assets/_JustSomeStars/Art/2D/Cosmetics/PresentationAtlases/CaptainGearPresentation.png#cosmetic.captain.signal-visor,Assets/_JustSomeStars/Art/2D/Characters/Captain/Customization/Modules/{body-family-title}/{facing}/captain-{body-family-slug}-{facing}-helmets.png,Assets/_JustSomeStars/Art/2D/Characters/Captain/Customization/PaletteMasks/{body-family-title}/{facing}/captain-{body-family-slug}-{facing}-head-hair-palette-mask.png,head-hair,cosmetic.effect.captain.signal-visor
cosmetic.captain.founder-field-cap,Founder Field Cap,Captain,Earned,launch.earned,,,true,Compact|Average|TallBroad,Assets/_JustSomeStars/Art/2D/Cosmetics/IconAtlases/CaptainGear.png,3,Assets/_JustSomeStars/Art/2D/Cosmetics/PresentationAtlases/CaptainGearPresentation.png#cosmetic.captain.founder-field-cap,Assets/_JustSomeStars/Art/2D/Characters/Captain/Customization/Modules/{body-family-title}/{facing}/captain-{body-family-slug}-{facing}-helmets.png,Assets/_JustSomeStars/Art/2D/Characters/Captain/Customization/PaletteMasks/{body-family-title}/{facing}/captain-{body-family-slug}-{facing}-head-hair-palette-mask.png,head-hair,cosmetic.effect.captain.founder-field-cap
cosmetic.captain.stitched-gloves,Stitched Gloves,Captain,Earned,launch.earned,,,true,Compact|Average|TallBroad,Assets/_JustSomeStars/Art/2D/Cosmetics/IconAtlases/CaptainGear.png,4,Assets/_JustSomeStars/Art/2D/Cosmetics/PresentationAtlases/CaptainGearPresentation.png#cosmetic.captain.stitched-gloves,Assets/_JustSomeStars/Art/2D/Characters/Captain/Customization/Modules/{body-family-title}/{facing}/captain-{body-family-slug}-{facing}-gloves.png,Assets/_JustSomeStars/Art/2D/Characters/Captain/Customization/PaletteMasks/{body-family-title}/{facing}/captain-{body-family-slug}-{facing}-foreground-hand-tool-palette-mask.png,foreground-hand-tool,cosmetic.effect.captain.stitched-gloves
cosmetic.captain.lens-gauntlets,Lens Gauntlets,Captain,Edition,explorer_edition,,explorer_edition|complete_launch_collection,true,Compact|Average|TallBroad,Assets/_JustSomeStars/Art/2D/Cosmetics/IconAtlases/CaptainGear.png,5,Assets/_JustSomeStars/Art/2D/Cosmetics/PresentationAtlases/CaptainGearPresentation.png#cosmetic.captain.lens-gauntlets,Assets/_JustSomeStars/Art/2D/Characters/Captain/Customization/Modules/{body-family-title}/{facing}/captain-{body-family-slug}-{facing}-gloves.png,Assets/_JustSomeStars/Art/2D/Characters/Captain/Customization/PaletteMasks/{body-family-title}/{facing}/captain-{body-family-slug}-{facing}-foreground-hand-tool-palette-mask.png,foreground-hand-tool,cosmetic.effect.captain.lens-gauntlets
cosmetic.captain.laceup-boots,Laceup Boots,Captain,Edition,explorer_edition,,explorer_edition|complete_launch_collection,true,Compact|Average|TallBroad,Assets/_JustSomeStars/Art/2D/Cosmetics/IconAtlases/CaptainGear.png,6,Assets/_JustSomeStars/Art/2D/Cosmetics/PresentationAtlases/CaptainGearPresentation.png#cosmetic.captain.laceup-boots,Assets/_JustSomeStars/Art/2D/Characters/Captain/Customization/Modules/{body-family-title}/{facing}/captain-{body-family-slug}-{facing}-boots.png,Assets/_JustSomeStars/Art/2D/Characters/Captain/Customization/PaletteMasks/{body-family-title}/{facing}/captain-{body-family-slug}-{facing}-silhouette-costume-palette-mask.png,silhouette-costume,cosmetic.effect.captain.laceup-boots
cosmetic.captain.aurora-boots,Aurora Boots,Captain,Edition,explorer_edition,,explorer_edition|complete_launch_collection,true,Compact|Average|TallBroad,Assets/_JustSomeStars/Art/2D/Cosmetics/IconAtlases/CaptainGear.png,7,Assets/_JustSomeStars/Art/2D/Cosmetics/PresentationAtlases/CaptainGearPresentation.png#cosmetic.captain.aurora-boots,Assets/_JustSomeStars/Art/2D/Characters/Captain/Customization/Modules/{body-family-title}/{facing}/captain-{body-family-slug}-{facing}-boots.png,Assets/_JustSomeStars/Art/2D/Characters/Captain/Customization/PaletteMasks/{body-family-title}/{facing}/captain-{body-family-slug}-{facing}-silhouette-costume-palette-mask.png,silhouette-costume,cosmetic.effect.captain.aurora-boots
cosmetic.captain.observatory-pack,Observatory Pack,Captain,Edition,explorer_edition,,explorer_edition|complete_launch_collection,true,Compact|Average|TallBroad,Assets/_JustSomeStars/Art/2D/Cosmetics/IconAtlases/CaptainGear.png,8,Assets/_JustSomeStars/Art/2D/Cosmetics/PresentationAtlases/CaptainGearPresentation.png#cosmetic.captain.observatory-pack,Assets/_JustSomeStars/Art/2D/Characters/Captain/Customization/Modules/{body-family-title}/{facing}/captain-{body-family-slug}-{facing}-backpacks.png,Assets/_JustSomeStars/Art/2D/Characters/Captain/Customization/PaletteMasks/{body-family-title}/{facing}/captain-{body-family-slug}-{facing}-backpack-equipment-palette-mask.png,backpack-equipment,cosmetic.effect.captain.observatory-pack
cosmetic.captain.solar-field-pack,Solar Field Pack,Captain,Edition,founders_constellation,,founders_constellation|complete_launch_collection,true,Compact|Average|TallBroad,Assets/_JustSomeStars/Art/2D/Cosmetics/IconAtlases/CaptainGear.png,9,Assets/_JustSomeStars/Art/2D/Cosmetics/PresentationAtlases/CaptainGearPresentation.png#cosmetic.captain.solar-field-pack,Assets/_JustSomeStars/Art/2D/Characters/Captain/Customization/Modules/{body-family-title}/{facing}/captain-{body-family-slug}-{facing}-backpacks.png,Assets/_JustSomeStars/Art/2D/Characters/Captain/Customization/PaletteMasks/{body-family-title}/{facing}/captain-{body-family-slug}-{facing}-backpack-equipment-palette-mask.png,backpack-equipment,cosmetic.effect.captain.solar-field-pack
cosmetic.captain.founder-patch,Founder Patch,Captain,Edition,founders_constellation,,founders_constellation|complete_launch_collection,false,Compact|Average|TallBroad,Assets/_JustSomeStars/Art/2D/Cosmetics/IconAtlases/CaptainGear.png,10,Assets/_JustSomeStars/Art/2D/Cosmetics/PresentationAtlases/CaptainGearPresentation.png#cosmetic.captain.founder-patch,Assets/_JustSomeStars/Art/2D/Characters/Captain/Customization/Modules/{body-family-title}/{facing}/captain-{body-family-slug}-{facing}-patches.png,Assets/_JustSomeStars/Art/2D/Characters/Captain/Customization/PaletteMasks/{body-family-title}/{facing}/captain-{body-family-slug}-{facing}-silhouette-costume-palette-mask.png,silhouette-costume,cosmetic.effect.captain.founder-patch
cosmetic.captain.mirra-patch,Mirra Patch,Captain,Edition,founders_constellation,,founders_constellation|complete_launch_collection,false,Compact|Average|TallBroad,Assets/_JustSomeStars/Art/2D/Cosmetics/IconAtlases/CaptainGear.png,11,Assets/_JustSomeStars/Art/2D/Cosmetics/PresentationAtlases/CaptainGearPresentation.png#cosmetic.captain.mirra-patch,Assets/_JustSomeStars/Art/2D/Characters/Captain/Customization/Modules/{body-family-title}/{facing}/captain-{body-family-slug}-{facing}-patches.png,Assets/_JustSomeStars/Art/2D/Characters/Captain/Customization/PaletteMasks/{body-family-title}/{facing}/captain-{body-family-slug}-{facing}-silhouette-costume-palette-mask.png,silhouette-costume,cosmetic.effect.captain.mirra-patch
cosmetic.captain.constellation-watch,Constellation Watch,Captain,Edition,founders_constellation,,founders_constellation|complete_launch_collection,false,Compact|Average|TallBroad,Assets/_JustSomeStars/Art/2D/Cosmetics/IconAtlases/CaptainGear.png,12,Assets/_JustSomeStars/Art/2D/Cosmetics/PresentationAtlases/CaptainGearPresentation.png#cosmetic.captain.constellation-watch,Assets/_JustSomeStars/Art/2D/Characters/Captain/Customization/Modules/{body-family-title}/{facing}/captain-{body-family-slug}-{facing}-accessories.png,Assets/_JustSomeStars/Art/2D/Characters/Captain/Customization/PaletteMasks/{body-family-title}/{facing}/captain-{body-family-slug}-{facing}-head-hair-palette-mask.png,head-hair,cosmetic.effect.captain.constellation-watch
cosmetic.captain.star-charm,Star Charm,Captain,IndividualPurchase,koro_vesper_collection,jss.cosmetic.captain.star-charm,koro_vesper_collection|jss.cosmetic.captain.star-charm|complete_launch_collection,false,Compact|Average|TallBroad,Assets/_JustSomeStars/Art/2D/Cosmetics/IconAtlases/CaptainGear.png,13,Assets/_JustSomeStars/Art/2D/Cosmetics/PresentationAtlases/CaptainGearPresentation.png#cosmetic.captain.star-charm,Assets/_JustSomeStars/Art/2D/Characters/Captain/Customization/Modules/{body-family-title}/{facing}/captain-{body-family-slug}-{facing}-accessories.png,Assets/_JustSomeStars/Art/2D/Characters/Captain/Customization/PaletteMasks/{body-family-title}/{facing}/captain-{body-family-slug}-{facing}-head-hair-palette-mask.png,head-hair,cosmetic.effect.captain.star-charm
cosmetic.captain.birthday-charm,Birthday Charm,Captain,IndividualPurchase,koro_vesper_collection,jss.cosmetic.captain.birthday-charm,koro_vesper_collection|jss.cosmetic.captain.birthday-charm|complete_launch_collection,false,Compact|Average|TallBroad,Assets/_JustSomeStars/Art/2D/Cosmetics/IconAtlases/CaptainGear.png,14,Assets/_JustSomeStars/Art/2D/Cosmetics/PresentationAtlases/CaptainGearPresentation.png#cosmetic.captain.birthday-charm,Assets/_JustSomeStars/Art/2D/Characters/Captain/Customization/Modules/{body-family-title}/{facing}/captain-{body-family-slug}-{facing}-accessories.png,Assets/_JustSomeStars/Art/2D/Characters/Captain/Customization/PaletteMasks/{body-family-title}/{facing}/captain-{body-family-slug}-{facing}-head-hair-palette-mask.png,head-hair,cosmetic.effect.captain.birthday-charm
cosmetic.captain.ori-wristlink,Ori Wristlink,Captain,IndividualPurchase,koro_vesper_collection,jss.cosmetic.captain.ori-wristlink,koro_vesper_collection|jss.cosmetic.captain.ori-wristlink|complete_launch_collection,false,Compact|Average|TallBroad,Assets/_JustSomeStars/Art/2D/Cosmetics/IconAtlases/CaptainGear.png,15,Assets/_JustSomeStars/Art/2D/Cosmetics/PresentationAtlases/CaptainGearPresentation.png#cosmetic.captain.ori-wristlink,Assets/_JustSomeStars/Art/2D/Characters/Captain/Customization/Modules/{body-family-title}/{facing}/captain-{body-family-slug}-{facing}-accessories.png,Assets/_JustSomeStars/Art/2D/Characters/Captain/Customization/PaletteMasks/{body-family-title}/{facing}/captain-{body-family-slug}-{facing}-head-hair-palette-mask.png,head-hair,cosmetic.effect.captain.ori-wristlink
cosmetic.ori.clubhouse-brass,Clubhouse Brass,Ori,Free,launch.earned,,,true,,Assets/_JustSomeStars/Art/2D/Cosmetics/IconAtlases/Ori.png,0,Assets/_JustSomeStars/Art/2D/Cosmetics/PresentationAtlases/OriPresentation.png#cosmetic.ori.clubhouse-brass,Assets/_JustSomeStars/Art/2D/Characters/Ori/Atlases/{facing}/ori-{facing}.png,,ori-shell-effect,cosmetic.effect.ori.clubhouse-brass
cosmetic.ori.mirra-frost,Mirra Frost,Ori,Earned,launch.earned,,,true,,Assets/_JustSomeStars/Art/2D/Cosmetics/IconAtlases/Ori.png,1,Assets/_JustSomeStars/Art/2D/Cosmetics/PresentationAtlases/OriPresentation.png#cosmetic.ori.mirra-frost,Assets/_JustSomeStars/Art/2D/Characters/Ori/Atlases/{facing}/ori-{facing}.png,,ori-shell-effect,cosmetic.effect.ori.mirra-frost
cosmetic.ori.signal-prism,Signal Prism,Ori,Earned,launch.earned,,,true,,Assets/_JustSomeStars/Art/2D/Cosmetics/IconAtlases/Ori.png,2,Assets/_JustSomeStars/Art/2D/Cosmetics/PresentationAtlases/OriPresentation.png#cosmetic.ori.signal-prism,Assets/_JustSomeStars/Art/2D/Characters/Ori/Atlases/{facing}/ori-{facing}.png,,ori-shell-effect,cosmetic.effect.ori.signal-prism
cosmetic.ori.builder-gripper,Builder Gripper,Ori,Earned,launch.earned,,,true,,Assets/_JustSomeStars/Art/2D/Cosmetics/IconAtlases/Ori.png,3,Assets/_JustSomeStars/Art/2D/Cosmetics/PresentationAtlases/OriPresentation.png#cosmetic.ori.builder-gripper,Assets/_JustSomeStars/Art/2D/Characters/Ori/Atlases/{facing}/ori-{facing}.png,,ori-shell-effect,cosmetic.effect.ori.builder-gripper
cosmetic.ori.aster-beacon,Aster Beacon,Ori,Earned,launch.earned,,,true,,Assets/_JustSomeStars/Art/2D/Cosmetics/IconAtlases/Ori.png,4,Assets/_JustSomeStars/Art/2D/Cosmetics/PresentationAtlases/OriPresentation.png#cosmetic.ori.aster-beacon,Assets/_JustSomeStars/Art/2D/Characters/Ori/Atlases/{facing}/ori-{facing}.png,,ori-shell-effect,cosmetic.effect.ori.aster-beacon
cosmetic.ori.founder-dome,Founder Dome,Ori,Edition,explorer_edition,,explorer_edition|complete_launch_collection,true,,Assets/_JustSomeStars/Art/2D/Cosmetics/IconAtlases/Ori.png,5,Assets/_JustSomeStars/Art/2D/Cosmetics/PresentationAtlases/OriPresentation.png#cosmetic.ori.founder-dome,Assets/_JustSomeStars/Art/2D/Characters/Ori/Atlases/{facing}/ori-{facing}.png,,ori-shell-effect,cosmetic.effect.ori.founder-dome
cosmetic.ori.explorer-archive,Explorer Archive,Ori,Edition,explorer_edition,,explorer_edition|complete_launch_collection,true,,Assets/_JustSomeStars/Art/2D/Cosmetics/IconAtlases/Ori.png,6,Assets/_JustSomeStars/Art/2D/Cosmetics/PresentationAtlases/OriPresentation.png#cosmetic.ori.explorer-archive,Assets/_JustSomeStars/Art/2D/Characters/Ori/Atlases/{facing}/ori-{facing}.png,,ori-shell-effect,cosmetic.effect.ori.explorer-archive
birthday.ori-starlight.2026,Birthday Starlight,Ori,Birthday,birthday.2026,,,false,,Assets/_JustSomeStars/Art/2D/Cosmetics/IconAtlases/Ori.png,7,Assets/_JustSomeStars/Art/2D/Cosmetics/PresentationAtlases/OriPresentation.png#birthday.ori-starlight.2026,Assets/_JustSomeStars/Art/2D/Characters/Ori/Atlases/{facing}/ori-{facing}.png,,ori-shell-effect,cosmetic.effect.ori.birthday-starlight
cosmetic.ori.garden-shell,Garden Shell,Ori,Edition,explorer_edition,,explorer_edition|complete_launch_collection,true,,Assets/_JustSomeStars/Art/2D/Cosmetics/IconAtlases/Ori.png,8,Assets/_JustSomeStars/Art/2D/Cosmetics/PresentationAtlases/OriPresentation.png#cosmetic.ori.garden-shell,Assets/_JustSomeStars/Art/2D/Characters/Ori/Atlases/{facing}/ori-{facing}.png,,ori-shell-effect,cosmetic.effect.ori.garden-shell
cosmetic.ori.vesper-diver,Vesper Diver,Ori,Edition,founders_constellation,,founders_constellation|complete_launch_collection,true,,Assets/_JustSomeStars/Art/2D/Cosmetics/IconAtlases/Ori.png,9,Assets/_JustSomeStars/Art/2D/Cosmetics/PresentationAtlases/OriPresentation.png#cosmetic.ori.vesper-diver,Assets/_JustSomeStars/Art/2D/Characters/Ori/Atlases/{facing}/ori-{facing}.png,,ori-shell-effect,cosmetic.effect.ori.vesper-diver
cosmetic.ori.navigator-sail,Navigator Sail,Ori,Edition,founders_constellation,,founders_constellation|complete_launch_collection,false,,Assets/_JustSomeStars/Art/2D/Cosmetics/IconAtlases/Ori.png,10,Assets/_JustSomeStars/Art/2D/Cosmetics/PresentationAtlases/OriPresentation.png#cosmetic.ori.navigator-sail,Assets/_JustSomeStars/Art/2D/Characters/Ori/Atlases/{facing}/ori-{facing}.png,,ori-shell-effect,cosmetic.effect.ori.navigator-sail
cosmetic.ori.shadow-shell,Shadow Shell,Ori,Edition,founders_constellation,,founders_constellation|complete_launch_collection,false,,Assets/_JustSomeStars/Art/2D/Cosmetics/IconAtlases/Ori.png,11,Assets/_JustSomeStars/Art/2D/Cosmetics/PresentationAtlases/OriPresentation.png#cosmetic.ori.shadow-shell,Assets/_JustSomeStars/Art/2D/Characters/Ori/Atlases/{facing}/ori-{facing}.png,,ori-shell-effect,cosmetic.effect.ori.shadow-shell
cosmetic.ori.repair-rig,Repair Rig,Ori,Edition,founders_constellation,,founders_constellation|complete_launch_collection,false,,Assets/_JustSomeStars/Art/2D/Cosmetics/IconAtlases/Ori.png,12,Assets/_JustSomeStars/Art/2D/Cosmetics/PresentationAtlases/OriPresentation.png#cosmetic.ori.repair-rig,Assets/_JustSomeStars/Art/2D/Characters/Ori/Atlases/{facing}/ori-{facing}.png,,ori-shell-effect,cosmetic.effect.ori.repair-rig
cosmetic.ori.festival-canopy,Festival Canopy,Ori,IndividualPurchase,aster_veil_collection,jss.cosmetic.ori.festival-canopy,aster_veil_collection|jss.cosmetic.ori.festival-canopy|complete_launch_collection,false,,Assets/_JustSomeStars/Art/2D/Cosmetics/IconAtlases/Ori.png,13,Assets/_JustSomeStars/Art/2D/Cosmetics/PresentationAtlases/OriPresentation.png#cosmetic.ori.festival-canopy,Assets/_JustSomeStars/Art/2D/Characters/Ori/Atlases/{facing}/ori-{facing}.png,,ori-shell-effect,cosmetic.effect.ori.festival-canopy
cosmetic.ori.moon-chimes,Moon Chimes,Ori,IndividualPurchase,aster_veil_collection,jss.cosmetic.ori.moon-chimes,aster_veil_collection|jss.cosmetic.ori.moon-chimes|complete_launch_collection,false,,Assets/_JustSomeStars/Art/2D/Cosmetics/IconAtlases/Ori.png,14,Assets/_JustSomeStars/Art/2D/Cosmetics/PresentationAtlases/OriPresentation.png#cosmetic.ori.moon-chimes,Assets/_JustSomeStars/Art/2D/Characters/Ori/Atlases/{facing}/ori-{facing}.png,,ori-shell-effect,cosmetic.effect.ori.moon-chimes
cosmetic.ori.comet-trail,Comet Trail,Ori,IndividualPurchase,aster_veil_collection,jss.cosmetic.ori.comet-trail,aster_veil_collection|jss.cosmetic.ori.comet-trail|complete_launch_collection,false,,Assets/_JustSomeStars/Art/2D/Cosmetics/IconAtlases/Ori.png,15,Assets/_JustSomeStars/Art/2D/Cosmetics/PresentationAtlases/OriPresentation.png#cosmetic.ori.comet-trail,Assets/_JustSomeStars/Art/2D/Characters/Ori/Atlases/{facing}/ori-{facing}.png,,ori-shell-effect,cosmetic.effect.ori.comet-trail
cosmetic.ship.clubhouse-observatory,Clubhouse Observatory,Ship,Free,launch.earned,,,true,,Assets/_JustSomeStars/Art/2D/Cosmetics/IconAtlases/Ship.png,0,Assets/_JustSomeStars/Art/2D/Cosmetics/PresentationAtlases/ShipPresentation.png#cosmetic.ship.clubhouse-observatory,Assets/_JustSomeStars/Art/2D/Ship/PlayerShip/PlayerShipMaster.png,,ship-hull-effect,cosmetic.effect.ship.clubhouse-observatory
cosmetic.ship.garden-habitat,Garden Habitat,Ship,Earned,launch.earned,,,true,,Assets/_JustSomeStars/Art/2D/Cosmetics/IconAtlases/Ship.png,1,Assets/_JustSomeStars/Art/2D/Cosmetics/PresentationAtlases/ShipPresentation.png#cosmetic.ship.garden-habitat,Assets/_JustSomeStars/Art/2D/Ship/PlayerShip/PlayerShipMaster.png,,ship-hull-effect,cosmetic.effect.ship.garden-habitat
cosmetic.ship.surveyor-array,Surveyor Array,Ship,Earned,launch.earned,,,true,,Assets/_JustSomeStars/Art/2D/Cosmetics/IconAtlases/Ship.png,2,Assets/_JustSomeStars/Art/2D/Cosmetics/PresentationAtlases/ShipPresentation.png#cosmetic.ship.surveyor-array,Assets/_JustSomeStars/Art/2D/Ship/PlayerShip/PlayerShipMaster.png,,ship-hull-effect,cosmetic.effect.ship.surveyor-array
cosmetic.ship.founder-constellation,Founder Constellation,Ship,Earned,launch.earned,,,true,,Assets/_JustSomeStars/Art/2D/Cosmetics/IconAtlases/Ship.png,3,Assets/_JustSomeStars/Art/2D/Cosmetics/PresentationAtlases/ShipPresentation.png#cosmetic.ship.founder-constellation,Assets/_JustSomeStars/Art/2D/Ship/PlayerShip/PlayerShipMaster.png,,ship-hull-effect,cosmetic.effect.ship.founder-constellation
cosmetic.ship.signal-crystal,Signal Crystal,Ship,Earned,launch.earned,,,true,,Assets/_JustSomeStars/Art/2D/Cosmetics/IconAtlases/Ship.png,4,Assets/_JustSomeStars/Art/2D/Cosmetics/PresentationAtlases/ShipPresentation.png#cosmetic.ship.signal-crystal,Assets/_JustSomeStars/Art/2D/Ship/PlayerShip/PlayerShipMaster.png,,ship-hull-effect,cosmetic.effect.ship.signal-crystal
cosmetic.ship.living-canopy,Living Canopy,Ship,Edition,explorer_edition,,explorer_edition|complete_launch_collection,true,,Assets/_JustSomeStars/Art/2D/Cosmetics/IconAtlases/Ship.png,5,Assets/_JustSomeStars/Art/2D/Cosmetics/PresentationAtlases/ShipPresentation.png#cosmetic.ship.living-canopy,Assets/_JustSomeStars/Art/2D/Ship/PlayerShip/PlayerShipMaster.png,,ship-hull-effect,cosmetic.effect.ship.living-canopy
cosmetic.ship.midnight-cockpit,Midnight Cockpit,Ship,Edition,explorer_edition,,explorer_edition|complete_launch_collection,true,,Assets/_JustSomeStars/Art/2D/Cosmetics/IconAtlases/Ship.png,6,Assets/_JustSomeStars/Art/2D/Cosmetics/PresentationAtlases/ShipPresentation.png#cosmetic.ship.midnight-cockpit,Assets/_JustSomeStars/Art/2D/Ship/PlayerShip/PlayerShipMaster.png,,ship-hull-effect,cosmetic.effect.ship.midnight-cockpit
cosmetic.ship.warm-cabin,Warm Cabin,Ship,Edition,explorer_edition,,explorer_edition|complete_launch_collection,true,,Assets/_JustSomeStars/Art/2D/Cosmetics/IconAtlases/Ship.png,7,Assets/_JustSomeStars/Art/2D/Cosmetics/PresentationAtlases/ShipPresentation.png#cosmetic.ship.warm-cabin,Assets/_JustSomeStars/Art/2D/Ship/PlayerShip/PlayerShipMaster.png,,ship-hull-effect,cosmetic.effect.ship.warm-cabin
cosmetic.ship.mirrorball-landing,Mirrorball Landing,Ship,Edition,explorer_edition,,explorer_edition|complete_launch_collection,true,,Assets/_JustSomeStars/Art/2D/Cosmetics/IconAtlases/Ship.png,8,Assets/_JustSomeStars/Art/2D/Cosmetics/PresentationAtlases/ShipPresentation.png#cosmetic.ship.mirrorball-landing,Assets/_JustSomeStars/Art/2D/Ship/PlayerShip/PlayerShipMaster.png,,ship-hull-effect,cosmetic.effect.ship.mirrorball-landing
cosmetic.ship.birthday-flight,Birthday Flight,Ship,Edition,founders_constellation,,founders_constellation|complete_launch_collection,true,,Assets/_JustSomeStars/Art/2D/Cosmetics/IconAtlases/Ship.png,9,Assets/_JustSomeStars/Art/2D/Cosmetics/PresentationAtlases/ShipPresentation.png#cosmetic.ship.birthday-flight,Assets/_JustSomeStars/Art/2D/Ship/PlayerShip/PlayerShipMaster.png,,ship-hull-effect,cosmetic.effect.ship.birthday-flight
cosmetic.ship.aster-patched,Aster Patched,Ship,Edition,founders_constellation,,founders_constellation|complete_launch_collection,false,,Assets/_JustSomeStars/Art/2D/Cosmetics/IconAtlases/Ship.png,10,Assets/_JustSomeStars/Art/2D/Cosmetics/PresentationAtlases/ShipPresentation.png#cosmetic.ship.aster-patched,Assets/_JustSomeStars/Art/2D/Ship/PlayerShip/PlayerShipMaster.png,,ship-hull-effect,cosmetic.effect.ship.aster-patched
cosmetic.ship.vesper-snowcap,Vesper Snowcap,Ship,Edition,founders_constellation,,founders_constellation|complete_launch_collection,false,,Assets/_JustSomeStars/Art/2D/Cosmetics/IconAtlases/Ship.png,11,Assets/_JustSomeStars/Art/2D/Cosmetics/PresentationAtlases/ShipPresentation.png#cosmetic.ship.vesper-snowcap,Assets/_JustSomeStars/Art/2D/Ship/PlayerShip/PlayerShipMaster.png,,ship-hull-effect,cosmetic.effect.ship.vesper-snowcap
cosmetic.ship.orrery-hull,Orrery Hull,Ship,Edition,founders_constellation,,founders_constellation|complete_launch_collection,false,,Assets/_JustSomeStars/Art/2D/Cosmetics/IconAtlases/Ship.png,12,Assets/_JustSomeStars/Art/2D/Cosmetics/PresentationAtlases/ShipPresentation.png#cosmetic.ship.orrery-hull,Assets/_JustSomeStars/Art/2D/Ship/PlayerShip/PlayerShipMaster.png,,ship-hull-effect,cosmetic.effect.ship.orrery-hull
cosmetic.ship.builder-rig,Builder Rig,Ship,IndividualPurchase,mirra_collection,jss.cosmetic.ship.builder-rig,mirra_collection|jss.cosmetic.ship.builder-rig|complete_launch_collection,false,,Assets/_JustSomeStars/Art/2D/Cosmetics/IconAtlases/Ship.png,13,Assets/_JustSomeStars/Art/2D/Cosmetics/PresentationAtlases/ShipPresentation.png#cosmetic.ship.builder-rig,Assets/_JustSomeStars/Art/2D/Ship/PlayerShip/PlayerShipMaster.png,,ship-hull-effect,cosmetic.effect.ship.builder-rig
cosmetic.ship.signal-tower,Signal Tower,Ship,IndividualPurchase,mirra_collection,jss.cosmetic.ship.signal-tower,mirra_collection|jss.cosmetic.ship.signal-tower|complete_launch_collection,false,,Assets/_JustSomeStars/Art/2D/Cosmetics/IconAtlases/Ship.png,14,Assets/_JustSomeStars/Art/2D/Cosmetics/PresentationAtlases/ShipPresentation.png#cosmetic.ship.signal-tower,Assets/_JustSomeStars/Art/2D/Ship/PlayerShip/PlayerShipMaster.png,,ship-hull-effect,cosmetic.effect.ship.signal-tower
cosmetic.ship.comet-launch,Comet Launch,Ship,IndividualPurchase,mirra_collection,jss.cosmetic.ship.comet-launch,mirra_collection|jss.cosmetic.ship.comet-launch|complete_launch_collection,false,,Assets/_JustSomeStars/Art/2D/Cosmetics/IconAtlases/Ship.png,15,Assets/_JustSomeStars/Art/2D/Cosmetics/PresentationAtlases/ShipPresentation.png#cosmetic.ship.comet-launch,Assets/_JustSomeStars/Art/2D/Ship/PlayerShip/PlayerShipMaster.png,,ship-hull-effect,cosmetic.effect.ship.comet-launch
cosmetic.lens.clubhouse-constellation,Clubhouse Constellation,Lens,Free,launch.earned,,,true,,Assets/_JustSomeStars/Art/2D/Cosmetics/IconAtlases/Lens.png,0,Assets/_JustSomeStars/Art/2D/Cosmetics/PresentationAtlases/LensPresentation.png#cosmetic.lens.clubhouse-constellation,Assets/_JustSomeStars/Art/2D/Environments/Mirra/Hud/MirraLensButton.png,,lens-body-hologram,cosmetic.effect.lens.clubhouse-constellation
cosmetic.lens.galaxy-field,Galaxy Field,Lens,Earned,launch.earned,,,true,,Assets/_JustSomeStars/Art/2D/Cosmetics/IconAtlases/Lens.png,1,Assets/_JustSomeStars/Art/2D/Cosmetics/PresentationAtlases/LensPresentation.png#cosmetic.lens.galaxy-field,Assets/_JustSomeStars/Art/2D/Environments/Mirra/Hud/MirraLensButton.png,,lens-body-hologram,cosmetic.effect.lens.galaxy-field
cosmetic.lens.planet-grid,Planet Grid,Lens,Earned,launch.earned,,,true,,Assets/_JustSomeStars/Art/2D/Cosmetics/IconAtlases/Lens.png,2,Assets/_JustSomeStars/Art/2D/Cosmetics/PresentationAtlases/LensPresentation.png#cosmetic.lens.planet-grid,Assets/_JustSomeStars/Art/2D/Environments/Mirra/Hud/MirraLensButton.png,,lens-body-hologram,cosmetic.effect.lens.planet-grid
cosmetic.lens.comet-glass,Comet Glass,Lens,Earned,launch.earned,,,true,,Assets/_JustSomeStars/Art/2D/Cosmetics/IconAtlases/Lens.png,3,Assets/_JustSomeStars/Art/2D/Cosmetics/PresentationAtlases/LensPresentation.png#cosmetic.lens.comet-glass,Assets/_JustSomeStars/Art/2D/Environments/Mirra/Hud/MirraLensButton.png,,lens-body-hologram,cosmetic.effect.lens.comet-glass
cosmetic.lens.home-memory,Home Memory,Lens,Earned,launch.earned,,,true,,Assets/_JustSomeStars/Art/2D/Cosmetics/IconAtlases/Lens.png,4,Assets/_JustSomeStars/Art/2D/Cosmetics/PresentationAtlases/LensPresentation.png#cosmetic.lens.home-memory,Assets/_JustSomeStars/Art/2D/Environments/Mirra/Hud/MirraLensButton.png,,lens-body-hologram,cosmetic.effect.lens.home-memory
cosmetic.lens.botany-display,Botany Display,Lens,Edition,explorer_edition,,explorer_edition|complete_launch_collection,true,,Assets/_JustSomeStars/Art/2D/Cosmetics/IconAtlases/Lens.png,5,Assets/_JustSomeStars/Art/2D/Cosmetics/PresentationAtlases/LensPresentation.png#cosmetic.lens.botany-display,Assets/_JustSomeStars/Art/2D/Environments/Mirra/Hud/MirraLensButton.png,,lens-body-hologram,cosmetic.effect.lens.botany-display
cosmetic.lens.orbit-display,Orbit Display,Lens,Edition,explorer_edition,,explorer_edition|complete_launch_collection,true,,Assets/_JustSomeStars/Art/2D/Cosmetics/IconAtlases/Lens.png,6,Assets/_JustSomeStars/Art/2D/Cosmetics/PresentationAtlases/LensPresentation.png#cosmetic.lens.orbit-display,Assets/_JustSomeStars/Art/2D/Environments/Mirra/Hud/MirraLensButton.png,,lens-body-hologram,cosmetic.effect.lens.orbit-display
cosmetic.lens.signal-prism,Signal Prism,Lens,Edition,explorer_edition,,explorer_edition|complete_launch_collection,true,,Assets/_JustSomeStars/Art/2D/Cosmetics/IconAtlases/Lens.png,7,Assets/_JustSomeStars/Art/2D/Cosmetics/PresentationAtlases/LensPresentation.png#cosmetic.lens.signal-prism,Assets/_JustSomeStars/Art/2D/Environments/Mirra/Hud/MirraLensButton.png,,lens-body-hologram,cosmetic.effect.lens.signal-prism
cosmetic.lens.aster-beacon,Aster Beacon,Lens,Edition,founders_constellation,,founders_constellation|complete_launch_collection,true,,Assets/_JustSomeStars/Art/2D/Cosmetics/IconAtlases/Lens.png,8,Assets/_JustSomeStars/Art/2D/Cosmetics/PresentationAtlases/LensPresentation.png#cosmetic.lens.aster-beacon,Assets/_JustSomeStars/Art/2D/Environments/Mirra/Hud/MirraLensButton.png,,lens-body-hologram,cosmetic.effect.lens.aster-beacon
cosmetic.lens.founder-map,Founder Map,Lens,Edition,founders_constellation,,founders_constellation|complete_launch_collection,true,,Assets/_JustSomeStars/Art/2D/Cosmetics/IconAtlases/Lens.png,9,Assets/_JustSomeStars/Art/2D/Cosmetics/PresentationAtlases/LensPresentation.png#cosmetic.lens.founder-map,Assets/_JustSomeStars/Art/2D/Environments/Mirra/Hud/MirraLensButton.png,,lens-body-hologram,cosmetic.effect.lens.founder-map
cosmetic.lens.explorer-archive,Explorer Archive,Lens,Edition,founders_constellation,,founders_constellation|complete_launch_collection,false,,Assets/_JustSomeStars/Art/2D/Cosmetics/IconAtlases/Lens.png,10,Assets/_JustSomeStars/Art/2D/Cosmetics/PresentationAtlases/LensPresentation.png#cosmetic.lens.explorer-archive,Assets/_JustSomeStars/Art/2D/Environments/Mirra/Hud/MirraLensButton.png,,lens-body-hologram,cosmetic.effect.lens.explorer-archive
cosmetic.lens.field-wristlens,Field Wristlens,Lens,Edition,founders_constellation,,founders_constellation|complete_launch_collection,false,,Assets/_JustSomeStars/Art/2D/Cosmetics/IconAtlases/Lens.png,11,Assets/_JustSomeStars/Art/2D/Cosmetics/PresentationAtlases/LensPresentation.png#cosmetic.lens.field-wristlens,Assets/_JustSomeStars/Art/2D/Environments/Mirra/Hud/MirraLensButton.png,,lens-body-hologram,cosmetic.effect.lens.field-wristlens
cosmetic.lens.birthday-cake,Birthday Cake,Lens,Edition,founders_constellation,,founders_constellation|complete_launch_collection,false,,Assets/_JustSomeStars/Art/2D/Cosmetics/IconAtlases/Lens.png,12,Assets/_JustSomeStars/Art/2D/Cosmetics/PresentationAtlases/LensPresentation.png#cosmetic.lens.birthday-cake,Assets/_JustSomeStars/Art/2D/Environments/Mirra/Hud/MirraLensButton.png,,lens-body-hologram,cosmetic.effect.lens.birthday-cake
cosmetic.lens.observatory-scope,Observatory Scope,Lens,Edition,founders_constellation,,founders_constellation|complete_launch_collection,false,,Assets/_JustSomeStars/Art/2D/Cosmetics/IconAtlases/Lens.png,13,Assets/_JustSomeStars/Art/2D/Cosmetics/PresentationAtlases/LensPresentation.png#cosmetic.lens.observatory-scope,Assets/_JustSomeStars/Art/2D/Environments/Mirra/Hud/MirraLensButton.png,,lens-body-hologram,cosmetic.effect.lens.observatory-scope
cosmetic.lens.rocket-window,Rocket Window,Lens,IndividualPurchase,koro_vesper_collection,jss.cosmetic.lens.rocket-window,koro_vesper_collection|jss.cosmetic.lens.rocket-window|complete_launch_collection,false,,Assets/_JustSomeStars/Art/2D/Cosmetics/IconAtlases/Lens.png,14,Assets/_JustSomeStars/Art/2D/Cosmetics/PresentationAtlases/LensPresentation.png#cosmetic.lens.rocket-window,Assets/_JustSomeStars/Art/2D/Environments/Mirra/Hud/MirraLensButton.png,,lens-body-hologram,cosmetic.effect.lens.rocket-window
cosmetic.lens.starlight-compass,Starlight Compass,Lens,IndividualPurchase,koro_vesper_collection,jss.cosmetic.lens.starlight-compass,koro_vesper_collection|jss.cosmetic.lens.starlight-compass|complete_launch_collection,false,,Assets/_JustSomeStars/Art/2D/Cosmetics/IconAtlases/Lens.png,15,Assets/_JustSomeStars/Art/2D/Cosmetics/PresentationAtlases/LensPresentation.png#cosmetic.lens.starlight-compass,Assets/_JustSomeStars/Art/2D/Environments/Mirra/Hud/MirraLensButton.png,,lens-body-hologram,cosmetic.effect.lens.starlight-compass
cosmetic.clubhouse.patchwork-chair,Patchwork Chair,Clubhouse,Free,launch.earned,,,true,,Assets/_JustSomeStars/Art/2D/Cosmetics/IconAtlases/Clubhouse.png,0,Assets/_JustSomeStars/Art/2D/Cosmetics/PresentationAtlases/ClubhousePresentation.png#cosmetic.clubhouse.patchwork-chair,Assets/_JustSomeStars/Art/2D/Environments/Clubhouse/Layers/ClubhouseDinnerTableForegroundV4.png,,clubhouse-prop,cosmetic.effect.clubhouse.patchwork-chair
cosmetic.clubhouse.painted-telescope,Painted Telescope,Clubhouse,Earned,launch.earned,,,true,,Assets/_JustSomeStars/Art/2D/Cosmetics/IconAtlases/Clubhouse.png,1,Assets/_JustSomeStars/Art/2D/Cosmetics/PresentationAtlases/ClubhousePresentation.png#cosmetic.clubhouse.painted-telescope,Assets/_JustSomeStars/Art/2D/Environments/Clubhouse/Layers/ClubhouseDinnerTableForegroundV4.png,,clubhouse-prop,cosmetic.effect.clubhouse.painted-telescope
cosmetic.clubhouse.planet-mobile,Planet Mobile,Clubhouse,Earned,launch.earned,,,true,,Assets/_JustSomeStars/Art/2D/Cosmetics/IconAtlases/Clubhouse.png,2,Assets/_JustSomeStars/Art/2D/Cosmetics/PresentationAtlases/ClubhousePresentation.png#cosmetic.clubhouse.planet-mobile,Assets/_JustSomeStars/Art/2D/Environments/Clubhouse/Layers/ClubhouseDinnerTableForegroundV4.png,,clubhouse-prop,cosmetic.effect.clubhouse.planet-mobile
cosmetic.clubhouse.star-projector,Star Projector,Clubhouse,Earned,launch.earned,,,true,,Assets/_JustSomeStars/Art/2D/Cosmetics/IconAtlases/Clubhouse.png,3,Assets/_JustSomeStars/Art/2D/Cosmetics/PresentationAtlases/ClubhousePresentation.png#cosmetic.clubhouse.star-projector,Assets/_JustSomeStars/Art/2D/Environments/Clubhouse/Layers/ClubhouseDinnerTableForegroundV4.png,,clubhouse-prop,cosmetic.effect.clubhouse.star-projector
cosmetic.clubhouse.pallet-sofa,Pallet Sofa,Clubhouse,Earned,launch.earned,,,true,,Assets/_JustSomeStars/Art/2D/Cosmetics/IconAtlases/Clubhouse.png,4,Assets/_JustSomeStars/Art/2D/Cosmetics/PresentationAtlases/ClubhousePresentation.png#cosmetic.clubhouse.pallet-sofa,Assets/_JustSomeStars/Art/2D/Environments/Clubhouse/Layers/ClubhouseDinnerTableForegroundV4.png,,clubhouse-prop,cosmetic.effect.clubhouse.pallet-sofa
cosmetic.clubhouse.brass-orrery,Brass Orrery,Clubhouse,Edition,explorer_edition,,explorer_edition|complete_launch_collection,true,,Assets/_JustSomeStars/Art/2D/Cosmetics/IconAtlases/Clubhouse.png,5,Assets/_JustSomeStars/Art/2D/Cosmetics/PresentationAtlases/ClubhousePresentation.png#cosmetic.clubhouse.brass-orrery,Assets/_JustSomeStars/Art/2D/Environments/Clubhouse/Layers/ClubhouseDinnerTableForegroundV4.png,,clubhouse-prop,cosmetic.effect.clubhouse.brass-orrery
cosmetic.clubhouse.constellation-window,Constellation Window,Clubhouse,Edition,explorer_edition,,explorer_edition|complete_launch_collection,true,,Assets/_JustSomeStars/Art/2D/Cosmetics/IconAtlases/Clubhouse.png,6,Assets/_JustSomeStars/Art/2D/Cosmetics/PresentationAtlases/ClubhousePresentation.png#cosmetic.clubhouse.constellation-window,Assets/_JustSomeStars/Art/2D/Environments/Clubhouse/Layers/ClubhouseDinnerTableForegroundV4.png,,clubhouse-prop,cosmetic.effect.clubhouse.constellation-window
cosmetic.clubhouse.atlas-table,Atlas Table,Clubhouse,Edition,explorer_edition,,explorer_edition|complete_launch_collection,true,,Assets/_JustSomeStars/Art/2D/Cosmetics/IconAtlases/Clubhouse.png,7,Assets/_JustSomeStars/Art/2D/Cosmetics/PresentationAtlases/ClubhousePresentation.png#cosmetic.clubhouse.atlas-table,Assets/_JustSomeStars/Art/2D/Environments/Clubhouse/Layers/ClubhouseDinnerTableForegroundV4.png,,clubhouse-prop,cosmetic.effect.clubhouse.atlas-table
cosmetic.clubhouse.signal-stringlights,Signal Stringlights,Clubhouse,Edition,founders_constellation,,founders_constellation|complete_launch_collection,true,,Assets/_JustSomeStars/Art/2D/Cosmetics/IconAtlases/Clubhouse.png,8,Assets/_JustSomeStars/Art/2D/Cosmetics/PresentationAtlases/ClubhousePresentation.png#cosmetic.clubhouse.signal-stringlights,Assets/_JustSomeStars/Art/2D/Environments/Clubhouse/Layers/ClubhouseDinnerTableForegroundV4.png,,clubhouse-prop,cosmetic.effect.clubhouse.signal-stringlights
cosmetic.clubhouse.miniature-observatory,Miniature Observatory,Clubhouse,Edition,founders_constellation,,founders_constellation|complete_launch_collection,true,,Assets/_JustSomeStars/Art/2D/Cosmetics/IconAtlases/Clubhouse.png,9,Assets/_JustSomeStars/Art/2D/Cosmetics/PresentationAtlases/ClubhousePresentation.png#cosmetic.clubhouse.miniature-observatory,Assets/_JustSomeStars/Art/2D/Environments/Clubhouse/Layers/ClubhouseDinnerTableForegroundV4.png,,clubhouse-prop,cosmetic.effect.clubhouse.miniature-observatory
cosmetic.clubhouse.founder-rug,Founder Rug,Clubhouse,Edition,founders_constellation,,founders_constellation|complete_launch_collection,false,,Assets/_JustSomeStars/Art/2D/Cosmetics/IconAtlases/Clubhouse.png,10,Assets/_JustSomeStars/Art/2D/Cosmetics/PresentationAtlases/ClubhousePresentation.png#cosmetic.clubhouse.founder-rug,Assets/_JustSomeStars/Art/2D/Environments/Clubhouse/Layers/ClubhouseDinnerTableForegroundV4.png,,clubhouse-prop,cosmetic.effect.clubhouse.founder-rug
cosmetic.clubhouse.canvas-hideaway,Canvas Hideaway,Clubhouse,Edition,founders_constellation,,founders_constellation|complete_launch_collection,false,,Assets/_JustSomeStars/Art/2D/Cosmetics/IconAtlases/Clubhouse.png,11,Assets/_JustSomeStars/Art/2D/Cosmetics/PresentationAtlases/ClubhousePresentation.png#cosmetic.clubhouse.canvas-hideaway,Assets/_JustSomeStars/Art/2D/Environments/Clubhouse/Layers/ClubhouseDinnerTableForegroundV4.png,,clubhouse-prop,cosmetic.effect.clubhouse.canvas-hideaway
cosmetic.clubhouse.specimen-shelf,Specimen Shelf,Clubhouse,Edition,founders_constellation,,founders_constellation|complete_launch_collection,false,,Assets/_JustSomeStars/Art/2D/Cosmetics/IconAtlases/Clubhouse.png,12,Assets/_JustSomeStars/Art/2D/Cosmetics/PresentationAtlases/ClubhousePresentation.png#cosmetic.clubhouse.specimen-shelf,Assets/_JustSomeStars/Art/2D/Environments/Clubhouse/Layers/ClubhouseDinnerTableForegroundV4.png,,clubhouse-prop,cosmetic.effect.clubhouse.specimen-shelf
cosmetic.clubhouse.solar-scroll,Solar Scroll,Clubhouse,Edition,founders_constellation,,founders_constellation|complete_launch_collection,false,,Assets/_JustSomeStars/Art/2D/Cosmetics/IconAtlases/Clubhouse.png,13,Assets/_JustSomeStars/Art/2D/Cosmetics/PresentationAtlases/ClubhousePresentation.png#cosmetic.clubhouse.solar-scroll,Assets/_JustSomeStars/Art/2D/Environments/Clubhouse/Layers/ClubhouseDinnerTableForegroundV4.png,,clubhouse-prop,cosmetic.effect.clubhouse.solar-scroll
cosmetic.clubhouse.moon-chair,Moon Chair,Clubhouse,IndividualPurchase,aster_veil_collection,jss.cosmetic.clubhouse.moon-chair,aster_veil_collection|jss.cosmetic.clubhouse.moon-chair|complete_launch_collection,false,,Assets/_JustSomeStars/Art/2D/Cosmetics/IconAtlases/Clubhouse.png,14,Assets/_JustSomeStars/Art/2D/Cosmetics/PresentationAtlases/ClubhousePresentation.png#cosmetic.clubhouse.moon-chair,Assets/_JustSomeStars/Art/2D/Environments/Clubhouse/Layers/ClubhouseDinnerTableForegroundV4.png,,clubhouse-prop,cosmetic.effect.clubhouse.moon-chair
cosmetic.clubhouse.ori-radio,Ori Radio,Clubhouse,IndividualPurchase,aster_veil_collection,jss.cosmetic.clubhouse.ori-radio,aster_veil_collection|jss.cosmetic.clubhouse.ori-radio|complete_launch_collection,false,,Assets/_JustSomeStars/Art/2D/Cosmetics/IconAtlases/Clubhouse.png,15,Assets/_JustSomeStars/Art/2D/Cosmetics/PresentationAtlases/ClubhousePresentation.png#cosmetic.clubhouse.ori-radio,Assets/_JustSomeStars/Art/2D/Environments/Clubhouse/Layers/ClubhouseDinnerTableForegroundV4.png,,clubhouse-prop,cosmetic.effect.clubhouse.ori-radio
cosmetic.photo.ori-camera,Ori Camera,Photo,Free,launch.earned,,,true,,Assets/_JustSomeStars/Art/2D/Cosmetics/IconAtlases/Photo.png,0,Assets/_JustSomeStars/Art/2D/Cosmetics/PresentationAtlases/PhotoPresentation.png#cosmetic.photo.ori-camera,Assets/_JustSomeStars/Art/2D/Cosmetics/IconAtlases/Photo.png,,photo-frame-filter-pose,cosmetic.effect.photo.ori-camera
cosmetic.photo.field-satchel,Field Satchel,Photo,Earned,launch.earned,,,true,,Assets/_JustSomeStars/Art/2D/Cosmetics/IconAtlases/Photo.png,1,Assets/_JustSomeStars/Art/2D/Cosmetics/PresentationAtlases/PhotoPresentation.png#cosmetic.photo.field-satchel,Assets/_JustSomeStars/Art/2D/Cosmetics/IconAtlases/Photo.png,,photo-frame-filter-pose,cosmetic.effect.photo.field-satchel
cosmetic.photo.brass-tripod,Brass Tripod,Photo,Earned,launch.earned,,,true,,Assets/_JustSomeStars/Art/2D/Cosmetics/IconAtlases/Photo.png,2,Assets/_JustSomeStars/Art/2D/Cosmetics/PresentationAtlases/PhotoPresentation.png#cosmetic.photo.brass-tripod,Assets/_JustSomeStars/Art/2D/Cosmetics/IconAtlases/Photo.png,,photo-frame-filter-pose,cosmetic.effect.photo.brass-tripod
cosmetic.photo.aster-frame,Aster Frame,Photo,Earned,launch.earned,,,true,,Assets/_JustSomeStars/Art/2D/Cosmetics/IconAtlases/Photo.png,3,Assets/_JustSomeStars/Art/2D/Cosmetics/PresentationAtlases/PhotoPresentation.png#cosmetic.photo.aster-frame,Assets/_JustSomeStars/Art/2D/Cosmetics/IconAtlases/Photo.png,,photo-frame-filter-pose,cosmetic.effect.photo.aster-frame
cosmetic.photo.moon-compass,Moon Compass,Photo,Earned,launch.earned,,,true,,Assets/_JustSomeStars/Art/2D/Cosmetics/IconAtlases/Photo.png,4,Assets/_JustSomeStars/Art/2D/Cosmetics/PresentationAtlases/PhotoPresentation.png#cosmetic.photo.moon-compass,Assets/_JustSomeStars/Art/2D/Cosmetics/IconAtlases/Photo.png,,photo-frame-filter-pose,cosmetic.effect.photo.moon-compass
cosmetic.photo.vesper-filter,Vesper Filter,Photo,Edition,explorer_edition,,explorer_edition|complete_launch_collection,true,,Assets/_JustSomeStars/Art/2D/Cosmetics/IconAtlases/Photo.png,5,Assets/_JustSomeStars/Art/2D/Cosmetics/PresentationAtlases/PhotoPresentation.png#cosmetic.photo.vesper-filter,Assets/_JustSomeStars/Art/2D/Cosmetics/IconAtlases/Photo.png,,photo-frame-filter-pose,cosmetic.effect.photo.vesper-filter
cosmetic.photo.koro-filter,Koro Filter,Photo,Edition,explorer_edition,,explorer_edition|complete_launch_collection,true,,Assets/_JustSomeStars/Art/2D/Cosmetics/IconAtlases/Photo.png,6,Assets/_JustSomeStars/Art/2D/Cosmetics/PresentationAtlases/PhotoPresentation.png#cosmetic.photo.koro-filter,Assets/_JustSomeStars/Art/2D/Cosmetics/IconAtlases/Photo.png,,photo-frame-filter-pose,cosmetic.effect.photo.koro-filter
cosmetic.photo.mirra-filter,Mirra Filter,Photo,Edition,explorer_edition,,explorer_edition|complete_launch_collection,true,,Assets/_JustSomeStars/Art/2D/Cosmetics/IconAtlases/Photo.png,7,Assets/_JustSomeStars/Art/2D/Cosmetics/PresentationAtlases/PhotoPresentation.png#cosmetic.photo.mirra-filter,Assets/_JustSomeStars/Art/2D/Cosmetics/IconAtlases/Photo.png,,photo-frame-filter-pose,cosmetic.effect.photo.mirra-filter
cosmetic.photo.crew-keepsake,Crew Keepsake,Photo,Edition,founders_constellation,,founders_constellation|complete_launch_collection,true,,Assets/_JustSomeStars/Art/2D/Cosmetics/IconAtlases/Photo.png,8,Assets/_JustSomeStars/Art/2D/Cosmetics/PresentationAtlases/PhotoPresentation.png#cosmetic.photo.crew-keepsake,Assets/_JustSomeStars/Art/2D/Cosmetics/IconAtlases/Photo.png,,photo-frame-filter-pose,cosmetic.effect.photo.crew-keepsake
cosmetic.photo.signal-charm,Signal Charm,Photo,Edition,founders_constellation,,founders_constellation|complete_launch_collection,true,,Assets/_JustSomeStars/Art/2D/Cosmetics/IconAtlases/Photo.png,9,Assets/_JustSomeStars/Art/2D/Cosmetics/PresentationAtlases/PhotoPresentation.png#cosmetic.photo.signal-charm,Assets/_JustSomeStars/Art/2D/Cosmetics/IconAtlases/Photo.png,,photo-frame-filter-pose,cosmetic.effect.photo.signal-charm
cosmetic.photo.film-roll,Film Roll,Photo,Edition,founders_constellation,,founders_constellation|complete_launch_collection,false,,Assets/_JustSomeStars/Art/2D/Cosmetics/IconAtlases/Photo.png,10,Assets/_JustSomeStars/Art/2D/Cosmetics/PresentationAtlases/PhotoPresentation.png#cosmetic.photo.film-roll,Assets/_JustSomeStars/Art/2D/Cosmetics/IconAtlases/Photo.png,,photo-frame-filter-pose,cosmetic.effect.photo.film-roll
cosmetic.photo.founder-album,Founder Album,Photo,Edition,founders_constellation,,founders_constellation|complete_launch_collection,false,,Assets/_JustSomeStars/Art/2D/Cosmetics/IconAtlases/Photo.png,11,Assets/_JustSomeStars/Art/2D/Cosmetics/PresentationAtlases/PhotoPresentation.png#cosmetic.photo.founder-album,Assets/_JustSomeStars/Art/2D/Cosmetics/IconAtlases/Photo.png,,photo-frame-filter-pose,cosmetic.effect.photo.founder-album
cosmetic.photo.hologram-frame,Hologram Frame,Photo,Edition,founders_constellation,,founders_constellation|complete_launch_collection,false,,Assets/_JustSomeStars/Art/2D/Cosmetics/IconAtlases/Photo.png,12,Assets/_JustSomeStars/Art/2D/Cosmetics/PresentationAtlases/PhotoPresentation.png#cosmetic.photo.hologram-frame,Assets/_JustSomeStars/Art/2D/Cosmetics/IconAtlases/Photo.png,,photo-frame-filter-pose,cosmetic.effect.photo.hologram-frame
cosmetic.photo.chronicler-pose,Chronicler Pose,Photo,Edition,founders_constellation,,founders_constellation|complete_launch_collection,false,,Assets/_JustSomeStars/Art/2D/Cosmetics/IconAtlases/Photo.png,13,Assets/_JustSomeStars/Art/2D/Cosmetics/PresentationAtlases/PhotoPresentation.png#cosmetic.photo.chronicler-pose,Assets/_JustSomeStars/Art/2D/Cosmetics/IconAtlases/Photo.png,,photo-frame-filter-pose,cosmetic.effect.photo.chronicler-pose
cosmetic.photo.captain-pose,Captain Pose,Photo,IndividualPurchase,mirra_collection,jss.cosmetic.photo.captain-pose,mirra_collection|jss.cosmetic.photo.captain-pose|complete_launch_collection,false,,Assets/_JustSomeStars/Art/2D/Cosmetics/IconAtlases/Photo.png,14,Assets/_JustSomeStars/Art/2D/Cosmetics/PresentationAtlases/PhotoPresentation.png#cosmetic.photo.captain-pose,Assets/_JustSomeStars/Art/2D/Cosmetics/IconAtlases/Photo.png,,photo-frame-filter-pose,cosmetic.effect.photo.captain-pose
cosmetic.photo.stargazer-pose,Stargazer Pose,Photo,IndividualPurchase,mirra_collection,jss.cosmetic.photo.stargazer-pose,mirra_collection|jss.cosmetic.photo.stargazer-pose|complete_launch_collection,false,,Assets/_JustSomeStars/Art/2D/Cosmetics/IconAtlases/Photo.png,15,Assets/_JustSomeStars/Art/2D/Cosmetics/PresentationAtlases/PhotoPresentation.png#cosmetic.photo.stargazer-pose,Assets/_JustSomeStars/Art/2D/Cosmetics/IconAtlases/Photo.png,,photo-frame-filter-pose,cosmetic.effect.photo.stargazer-pose
cosmetic.crew.mira-light-study,Mira Light Study,Crew,Free,launch.earned,,,true,,Assets/_JustSomeStars/Art/2D/Cosmetics/IconAtlases/Crew.png,0,Assets/_JustSomeStars/Art/2D/Cosmetics/PresentationAtlases/CrewPresentation.png#cosmetic.crew.mira-light-study,Assets/_JustSomeStars/Art/2D/Characters/{crew}/Atlases/{facing}/{crew}-{facing}.png,,crew-fullbody-outfit,cosmetic.effect.crew.mira-light-study
cosmetic.crew.juno-builder-rig,Juno Builder Rig,Crew,Earned,launch.earned,,,true,,Assets/_JustSomeStars/Art/2D/Cosmetics/IconAtlases/Crew.png,1,Assets/_JustSomeStars/Art/2D/Cosmetics/PresentationAtlases/CrewPresentation.png#cosmetic.crew.juno-builder-rig,Assets/_JustSomeStars/Art/2D/Characters/{crew}/Atlases/{facing}/{crew}-{facing}.png,,crew-fullbody-outfit,cosmetic.effect.crew.juno-builder-rig
cosmetic.crew.kai-navigator-layers,Kai Navigator Layers,Crew,Earned,launch.earned,,,true,,Assets/_JustSomeStars/Art/2D/Cosmetics/IconAtlases/Crew.png,2,Assets/_JustSomeStars/Art/2D/Cosmetics/PresentationAtlases/CrewPresentation.png#cosmetic.crew.kai-navigator-layers,Assets/_JustSomeStars/Art/2D/Characters/{crew}/Atlases/{facing}/{crew}-{facing}.png,,crew-fullbody-outfit,cosmetic.effect.crew.kai-navigator-layers
cosmetic.crew.bea-field-kit,Bea Field Kit,Crew,Earned,launch.earned,,,true,,Assets/_JustSomeStars/Art/2D/Cosmetics/IconAtlases/Crew.png,3,Assets/_JustSomeStars/Art/2D/Cosmetics/PresentationAtlases/CrewPresentation.png#cosmetic.crew.bea-field-kit,Assets/_JustSomeStars/Art/2D/Characters/{crew}/Atlases/{facing}/{crew}-{facing}.png,,crew-fullbody-outfit,cosmetic.effect.crew.bea-field-kit
cosmetic.crew.clubhouse-flight,Clubhouse Flight,Crew,Earned,launch.earned,,,true,,Assets/_JustSomeStars/Art/2D/Cosmetics/IconAtlases/Crew.png,4,Assets/_JustSomeStars/Art/2D/Cosmetics/PresentationAtlases/CrewPresentation.png#cosmetic.crew.clubhouse-flight,Assets/_JustSomeStars/Art/2D/Characters/{crew}/Atlases/{facing}/{crew}-{facing}.png,,crew-fullbody-outfit,cosmetic.effect.crew.clubhouse-flight
cosmetic.crew.founder-stargazer,Founder Stargazer,Crew,Edition,explorer_edition,,explorer_edition|complete_launch_collection,true,,Assets/_JustSomeStars/Art/2D/Cosmetics/IconAtlases/Crew.png,5,Assets/_JustSomeStars/Art/2D/Cosmetics/PresentationAtlases/CrewPresentation.png#cosmetic.crew.founder-stargazer,Assets/_JustSomeStars/Art/2D/Characters/{crew}/Atlases/{facing}/{crew}-{facing}.png,,crew-fullbody-outfit,cosmetic.effect.crew.founder-stargazer
cosmetic.crew.founder-navigator,Founder Navigator,Crew,Edition,explorer_edition,,explorer_edition|complete_launch_collection,true,,Assets/_JustSomeStars/Art/2D/Cosmetics/IconAtlases/Crew.png,6,Assets/_JustSomeStars/Art/2D/Cosmetics/PresentationAtlases/CrewPresentation.png#cosmetic.crew.founder-navigator,Assets/_JustSomeStars/Art/2D/Characters/{crew}/Atlases/{facing}/{crew}-{facing}.png,,crew-fullbody-outfit,cosmetic.effect.crew.founder-navigator
cosmetic.crew.signal-surveyor,Signal Surveyor,Crew,Edition,explorer_edition,,explorer_edition|complete_launch_collection,true,,Assets/_JustSomeStars/Art/2D/Cosmetics/IconAtlases/Crew.png,7,Assets/_JustSomeStars/Art/2D/Cosmetics/PresentationAtlases/CrewPresentation.png#cosmetic.crew.signal-surveyor,Assets/_JustSomeStars/Art/2D/Characters/{crew}/Atlases/{facing}/{crew}-{facing}.png,,crew-fullbody-outfit,cosmetic.effect.crew.signal-surveyor
cosmetic.crew.mirra-expedition,Mirra Expedition,Crew,Edition,founders_constellation,,founders_constellation|complete_launch_collection,true,,Assets/_JustSomeStars/Art/2D/Cosmetics/IconAtlases/Crew.png,8,Assets/_JustSomeStars/Art/2D/Cosmetics/PresentationAtlases/CrewPresentation.png#cosmetic.crew.mirra-expedition,Assets/_JustSomeStars/Art/2D/Characters/{crew}/Atlases/{facing}/{crew}-{facing}.png,,crew-fullbody-outfit,cosmetic.effect.crew.mirra-expedition
cosmetic.crew.koro-observer,Koro Observer,Crew,Edition,founders_constellation,,founders_constellation|complete_launch_collection,true,,Assets/_JustSomeStars/Art/2D/Cosmetics/IconAtlases/Crew.png,9,Assets/_JustSomeStars/Art/2D/Cosmetics/PresentationAtlases/CrewPresentation.png#cosmetic.crew.koro-observer,Assets/_JustSomeStars/Art/2D/Characters/{crew}/Atlases/{facing}/{crew}-{facing}.png,,crew-fullbody-outfit,cosmetic.effect.crew.koro-observer
cosmetic.crew.vesper-fieldcoat,Vesper Fieldcoat,Crew,Edition,founders_constellation,,founders_constellation|complete_launch_collection,false,,Assets/_JustSomeStars/Art/2D/Cosmetics/IconAtlases/Crew.png,10,Assets/_JustSomeStars/Art/2D/Cosmetics/PresentationAtlases/CrewPresentation.png#cosmetic.crew.vesper-fieldcoat,Assets/_JustSomeStars/Art/2D/Characters/{crew}/Atlases/{facing}/{crew}-{facing}.png,,crew-fullbody-outfit,cosmetic.effect.crew.vesper-fieldcoat
cosmetic.crew.aster-driftcoat,Aster Driftcoat,Crew,Edition,founders_constellation,,founders_constellation|complete_launch_collection,false,,Assets/_JustSomeStars/Art/2D/Cosmetics/IconAtlases/Crew.png,11,Assets/_JustSomeStars/Art/2D/Cosmetics/PresentationAtlases/CrewPresentation.png#cosmetic.crew.aster-driftcoat,Assets/_JustSomeStars/Art/2D/Characters/{crew}/Atlases/{facing}/{crew}-{facing}.png,,crew-fullbody-outfit,cosmetic.effect.crew.aster-driftcoat
cosmetic.crew.explorer-constellation,Explorer Constellation,Crew,Edition,founders_constellation,,founders_constellation|complete_launch_collection,false,,Assets/_JustSomeStars/Art/2D/Cosmetics/IconAtlases/Crew.png,12,Assets/_JustSomeStars/Art/2D/Cosmetics/PresentationAtlases/CrewPresentation.png#cosmetic.crew.explorer-constellation,Assets/_JustSomeStars/Art/2D/Characters/{crew}/Atlases/{facing}/{crew}-{facing}.png,,crew-fullbody-outfit,cosmetic.effect.crew.explorer-constellation
cosmetic.crew.explorer-archive,Explorer Archive,Crew,Edition,founders_constellation,,founders_constellation|complete_launch_collection,false,,Assets/_JustSomeStars/Art/2D/Cosmetics/IconAtlases/Crew.png,13,Assets/_JustSomeStars/Art/2D/Cosmetics/PresentationAtlases/CrewPresentation.png#cosmetic.crew.explorer-archive,Assets/_JustSomeStars/Art/2D/Characters/{crew}/Atlases/{facing}/{crew}-{facing}.png,,crew-fullbody-outfit,cosmetic.effect.crew.explorer-archive
cosmetic.crew.launch-homecoming,Launch Homecoming,Crew,IndividualPurchase,koro_vesper_collection,jss.cosmetic.crew.launch-homecoming,koro_vesper_collection|jss.cosmetic.crew.launch-homecoming|complete_launch_collection,false,,Assets/_JustSomeStars/Art/2D/Cosmetics/IconAtlases/Crew.png,14,Assets/_JustSomeStars/Art/2D/Cosmetics/PresentationAtlases/CrewPresentation.png#cosmetic.crew.launch-homecoming,Assets/_JustSomeStars/Art/2D/Characters/{crew}/Atlases/{facing}/{crew}-{facing}.png,,crew-fullbody-outfit,cosmetic.effect.crew.launch-homecoming
cosmetic.crew.birthday-expedition,Birthday Expedition,Crew,IndividualPurchase,koro_vesper_collection,jss.cosmetic.crew.birthday-expedition,koro_vesper_collection|jss.cosmetic.crew.birthday-expedition|complete_launch_collection,false,,Assets/_JustSomeStars/Art/2D/Cosmetics/IconAtlases/Crew.png,15,Assets/_JustSomeStars/Art/2D/Cosmetics/PresentationAtlases/CrewPresentation.png#cosmetic.crew.birthday-expedition,Assets/_JustSomeStars/Art/2D/Characters/{crew}/Atlases/{facing}/{crew}-{facing}.png,,crew-fullbody-outfit,cosmetic.effect.crew.birthday-expedition
